{
    "@class": "com.kony.gen.viz.model.component.KVizRichText",
    "DNDConfig": null,
    "__parentReadjusting__": false,
    "_height_": {
        "type": "string",
        "value": "63dp"
    },
    "_left_": {
        "type": "string",
        "value": "100dp"
    },
    "_margin_": [
        0,
        0,
        0,
        0
    ],
    "_padding_": [
        0,
        0,
        0,
        0
    ],
    "_skin_": "s32003f596fa457db8d4cec957db60aa",
    "_text_": "Welcome palma!",
    "_top_": {
        "type": "string",
        "value": "73dp"
    },
    "_width_": {
        "type": "string",
        "value": "48.89%"
    },
    "_wrapping_": 2,
    "canUpdateUI": true,
    "containerweight": 100,
    "contentalignment": 4,
    "id": "RichText0f4c963e7bec844",
    "info": null,
    "iscustomlayout": false,
    "isvisible": true,
    "kuid": "h147eeabd7c84f63816d0f30dba16e74",
    "linkskin": "sf5d718e99724b589ea97baf5857bcb4",
    "name": "kony.ui.RichText",
    "parent": "frmWelcome",
    "pf": "frmWelcome",
    "retaincontentalignment": false,
    "retainflexpositionproperties": false,
    "wType": "RichText",
    "widgetalignment": 5,
    "zindex": 1
}