{
    "APPLICATION_THEME": "default",
    "appaddrkey": "",
    "appidkey": "MigAppDemo",
    "appnamekey": "MigAppDemo",
    "apppackagekey": "",
    "appversionkey": "1.0.0",
    "build": "debug",
    "category": "app",
    "createdVizVersion": "8.1.4",
    "createdgaversion": "8.1.4",
    "currentgaversion": "8.1.4",
    "enableCustomData": false,
    "isDpScaleFactor": true,
    "isMVC": true,
    "isNewAppWithRespectToAndroidPackageName": "",
    "konyVizVersion": "8.1.4",
    "mastersProperties": {
        "mastersVersion": "2.0.0"
    },
    "mwaddrkey": "",
    "mwhttpsportkey": "",
    "mwportkey": "",
    "project.type": "js",
    "project_version": "sprint30",
    "referenceWidth": "375",
    "startupformkey": "da4517394e634cc9a0aa40bb1a629d75",
    "vendornamekey": "KonyLabs",
    "winmobileguidkey": "",
    "defaulttheme": "defaultTheme",
    "nativeContainerProperties": {
        "isModified": true,
        "isEnableJSContainer": false,
        "isEnableJSContainerAndroid": false,
        "isEnableJSContaineriOS": false
    },
    "wap_ip_fontsize": "12",
    "wap_android240_fontsize": "10",
    "wap_android320_fontsize": "12",
    "wap_android360_fontsize": "13",
    "wap_android400_fontsize": "14",
    "wap_android440_fontsize": "15",
    "wap_android480_fontsize": "16",
    "wap_android640_fontsize": "19",
    "wap_spaipad_fontsize": "17",
    "wap_spaandroidtab_fontsize": "17",
    "wap_spaandroidtabldpi_fontsize": "17",
    "wap_spaandroidtabmdpi_fontsize": "14",
    "wap_spaandroidtabhdpi_fontsize": "16",
    "wap_spaandroidtabxhdpi_fontsize": "18",
    "wap_winphone320_fontsize": "12",
    "wap_winphone480_fontsize": "12",
    "wap_spawindowstab_fontsize": "17",
    "wap_bb240_fontsize": "12",
    "wap_bb320_fontsize": "15",
    "wap_bb360_fontsize": "13",
    "wap_bb400_fontsize": "14",
    "wap_bb440_fontsize": "15",
    "wap_bb480_fontsize": "17",
    "ipadlandscapemodekey": "portrait",
    "supportedorientations": [
        "portrait"
    ],
    "desktopwebbasefontsize": "16",
    "desktopwebwidthoption": "percentage",
    "desktopwebaligenmentoption": "Left",
    "appmenu": {
        "mobile": {
            "data": [
                {
                    "id": "appmenuitemid1",
                    "title": "Item 1",
                    "icon": {
                        "default": "option1.png"
                    },
                    "kuid": "c95c0a91256c4be8997a3c24d15c2bbf"
                },
                {
                    "id": "appmenuitemid2",
                    "title": "Item 2",
                    "icon": {
                        "default": "option2.png"
                    },
                    "kuid": "c4dc5d9773704fde875e197e51e088f3"
                },
                {
                    "id": "appmenuitemid3",
                    "title": "Item 3",
                    "icon": {
                        "default": "option3.png"
                    },
                    "kuid": "de00432c6d1947ce96a74736fc4d5504"
                },
                {
                    "id": "appmenuitemid4",
                    "title": "Item 4",
                    "icon": {
                        "default": "option4.png"
                    },
                    "kuid": "f9a2e3270ae54c2ab4814735862c00b5"
                }
            ]
        },
        "tablet": {
            "data": [
                {
                    "id": "appmenuitemid1",
                    "title": "Item 1",
                    "icon": {
                        "default": "option1.png"
                    },
                    "kuid": "iedb0db3bb2443398baea77ae9708248",
                    "windows8": {
                        "position": "BOTTOM_LEFT",
                        "appBarButtonStyle": "No Style"
                    }
                },
                {
                    "id": "appmenuitemid2",
                    "title": "Item 2",
                    "icon": {
                        "default": "option2.png"
                    },
                    "kuid": "i4ed356578514a57a8bdcb1a57e93afe",
                    "windows8": {
                        "position": "BOTTOM_LEFT",
                        "appBarButtonStyle": "No Style"
                    }
                },
                {
                    "id": "appmenuitemid3",
                    "title": "Item 3",
                    "icon": {
                        "default": "option3.png"
                    },
                    "kuid": "i3957ad02edb400a86a55de76b37df48",
                    "windows8": {
                        "position": "BOTTOM_LEFT",
                        "appBarButtonStyle": "No Style"
                    }
                },
                {
                    "id": "appmenuitemid4",
                    "title": "Item 4",
                    "icon": {
                        "default": "option4.png"
                    },
                    "kuid": "i278f0c4eb2844209127fff9d82f4ec1",
                    "windows8": {
                        "position": "BOTTOM_LEFT",
                        "appBarButtonStyle": "No Style"
                    }
                }
            ]
        },
        "desktop": {
            "data": [
                {
                    "id": "appmenuitemid1",
                    "title": "Item 1",
                    "icon": {
                        "default": "option1.png"
                    },
                    "kuid": "if7e82065e5c4ba38480cf0b91abb037"
                },
                {
                    "id": "appmenuitemid2",
                    "title": "Item 2",
                    "icon": {
                        "default": "option2.png"
                    },
                    "kuid": "d89bb408a20045ea99e86afc8a06d680"
                },
                {
                    "id": "appmenuitemid3",
                    "title": "Item 3",
                    "icon": {
                        "default": "option3.png"
                    },
                    "kuid": "a8607b7fa73d445c901f3b0f95beb702"
                },
                {
                    "id": "appmenuitemid4",
                    "title": "Item 4",
                    "icon": {
                        "default": "option4.png"
                    },
                    "kuid": "j502f0e19e4a47d8b776bcccfaf1c8d7"
                }
            ]
        },
        "skin": null,
        "focusSkin": null,
        "focusskin": null,
        "osVersion": "iOS7",
        "osPlatform": "",
        "wType": "Appmenu"
    },
    "export.type": "visualizer"
}