{
    "@class": "com.kony.gen.viz.model.component.KVizButton",
    "DNDConfig": null,
    "__parentReadjusting__": false,
    "_height_": {
        "type": "string",
        "value": "50dp"
    },
    "_left_": {
        "type": "string",
        "value": "13dp"
    },
    "_margin_": [
        6,
        6,
        6,
        6
    ],
    "_padding_": [
        0,
        0,
        0,
        0
    ],
    "_skin_": "s1a77ff7aacc4bc6a3d887c715b6cd12",
    "_text_": "Button",
    "_top_": {
        "type": "string",
        "value": "5dp"
    },
    "_width_": {
        "type": "string",
        "value": "95dp"
    },
    "canUpdateUI": true,
    "containerweight": 100,
    "contentalignment": 5,
    "displaytext": true,
    "focusskin": "s402625fb4fc447faef68e7154156781",
    "id": "btn",
    "info": null,
    "iscustomlayout": false,
    "isvisible": true,
    "kuid": "df9d0162942d426eb488b5e21c392e0e",
    "name": "kony.ui.Button",
    "parent": "frmMigrationOffices",
    "pf": "frmMigrationOffices",
    "retaincontentalignment": false,
    "retainflexpositionproperties": false,
    "wType": "Button",
    "zindex": 1
}